variable,count,mean,std,min,25%,50%,75%,max,original
dummy1,1000.0,-0.0002646469087231673,0.009599272532630067,-0.0290946481912897,-0.006876945209819825,0.000207615986421,0.006118851379481825,0.0325373020531927,-0.0100239064146379
dummy2,1000.0,0.0003590136040699539,0.012532480439360918,-0.0402250058501509,-0.008483022741542251,0.00034173825855305,0.009481952085357225,0.0352434620165666,-0.0023193517289072
x1,1000.0,-0.1760944864992609,2.950924384955237,-10.58668769900448,-2.1654257160473818,-0.04510922985371865,1.835216380118872,28.202336374916065,28.202336374916065
x2,1000.0,-0.0887992104799945,8.057241350556442,-23.08998008979649,-5.314591973577565,-0.24525318174435945,5.2155159487140015,75.05173990471835,75.05173990471835
x3,1000.0,-0.06293276299000639,1.9253675456101271,-6.653583078824834,-1.3368106989675483,-0.1234616185199211,1.1613928654323624,17.754219997410587,17.754219997410587
